"Asnp_geno","Bmutn_pres","A_RNA","A_prot","B_RNA","B_prot"
"CC","yes",534,274.7,523,381.2
"CT","yes",625,255.6,633,441.1
"CC","no",542,230.8,574,400.7
"CC","yes",745,313.9,554,416.1
"TT","no",727,317.7,509,380.4
"CT","no",664,292.8,506,367.8
"CC","no",553,250.4,526,393
"TT","no",558,259.5,564,432.8
"CC","yes",865,338.8,442,330
"TT","no",615,275.5,583,418.3
"CC","no",705,260,467,369.4
"CT","no",595,272.6,545,407.6
"CT","no",720,316.4,374,316.7
"TT","no",569,268.2,541,393.5
"CC","no",800,313.6,448,376.4
"TT","yes",702,288.1,503,351.5
"CC","no",762,302.5,543,402
"CC","no",698,292.2,422,334
"CC","no",564,268.2,525,398.2
"CC","no",530,268.8,544,389.4
"CT","no",633,284,518,401.7
"CT","yes",754,317.6,536,350.9
"CC","no",590,262.9,510,426.2
"TT","no",761,309,426,350.5
"CT","no",748,332.3,543,418.3
"CT","no",533,251.4,583,444.2
"TT","no",570,257.8,544,387.3
"CC","no",710,294.3,467,393.5
"TT","yes",606,277.5,536,404.3
"CT","yes",854,311.4,556,374
